-- Seed data aligned to docs/development_and_testing_accounts.md.
-- Primary account for seeded social graph: teen001.dev@mhsa.local
-- teen001 profile_id: e1d0add5-b9c8-57b5-36e6-059991832f17

-- Friendships centered on teen001.
INSERT INTO friendships (id, profile_id_1, profile_id_2)
VALUES
    (
        '11111111-1111-1111-1111-111111111111',
        LEAST('e1d0add5-b9c8-57b5-36e6-059991832f17'::uuid, 'c1d01171-4741-e2cd-d98c-711705ab44b8'::uuid),
        GREATEST('e1d0add5-b9c8-57b5-36e6-059991832f17'::uuid, 'c1d01171-4741-e2cd-d98c-711705ab44b8'::uuid)
    ),
    (
        '11111111-1111-1111-1111-111111111112',
        LEAST('e1d0add5-b9c8-57b5-36e6-059991832f17'::uuid, 'c02ec115-758c-daab-ecba-5c963670596c'::uuid),
        GREATEST('e1d0add5-b9c8-57b5-36e6-059991832f17'::uuid, 'c02ec115-758c-daab-ecba-5c963670596c'::uuid)
    ),
    (
        '11111111-1111-1111-1111-111111111113',
        LEAST('e1d0add5-b9c8-57b5-36e6-059991832f17'::uuid, '928953db-9e83-0adb-8775-34277945d1da'::uuid),
        GREATEST('e1d0add5-b9c8-57b5-36e6-059991832f17'::uuid, '928953db-9e83-0adb-8775-34277945d1da'::uuid)
    ),
    (
        '11111111-1111-1111-1111-111111111114',
        LEAST('e1d0add5-b9c8-57b5-36e6-059991832f17'::uuid, '06331dc2-89d8-3e6a-0d8c-d6daf809cada'::uuid),
        GREATEST('e1d0add5-b9c8-57b5-36e6-059991832f17'::uuid, '06331dc2-89d8-3e6a-0d8c-d6daf809cada'::uuid)
    ),
    (
        '11111111-1111-1111-1111-111111111115',
        LEAST('e1d0add5-b9c8-57b5-36e6-059991832f17'::uuid, 'a3a8ff2d-937f-0223-51d0-0afc9f3bb036'::uuid),
        GREATEST('e1d0add5-b9c8-57b5-36e6-059991832f17'::uuid, 'a3a8ff2d-937f-0223-51d0-0afc9f3bb036'::uuid)
    ),
    (
        '11111111-1111-1111-1111-111111111116',
        LEAST('e1d0add5-b9c8-57b5-36e6-059991832f17'::uuid, '15b6baab-6281-96be-d908-6690d2e2ccf0'::uuid),
        GREATEST('e1d0add5-b9c8-57b5-36e6-059991832f17'::uuid, '15b6baab-6281-96be-d908-6690d2e2ccf0'::uuid)
    );

-- Pending requests that all include teen001.
INSERT INTO friend_requests (id, sender_id, receiver_id, status)
VALUES
    (
        '22222222-2222-2222-2222-222222222221',
        'e1d0add5-b9c8-57b5-36e6-059991832f17',
        '177bfcca-5131-516f-c0de-6295fc9e926f',
        'PENDING'
    ),
    (
        '22222222-2222-2222-2222-222222222222',
        '0a1e45a4-07e3-a6f3-fdc7-e5a704483e1e',
        'e1d0add5-b9c8-57b5-36e6-059991832f17',
        'PENDING'
    );

-- Block relation including teen001.
INSERT INTO profile_blocks (id, blocker_id, blocked_id)
VALUES (
    '33333333-3333-3333-3333-333333333333',
    'e1d0add5-b9c8-57b5-36e6-059991832f17',
    '9ae09655-172c-3249-ebc4-9c3b453ee584'
);

-- Chat channels: teen001 with 5 teens, 1 parent, and 2 therapists.
INSERT INTO chat_channels (id, type, reference_id)
VALUES
    ('44444444-4444-4444-4444-444444444441', 'DIRECT_FRIEND', '11111111-1111-1111-1111-111111111111'),
    ('44444444-4444-4444-4444-444444444442', 'DIRECT_FRIEND', '11111111-1111-1111-1111-111111111112'),
    ('44444444-4444-4444-4444-444444444443', 'DIRECT_FRIEND', '11111111-1111-1111-1111-111111111113'),
    ('44444444-4444-4444-4444-444444444444', 'DIRECT_FRIEND', '11111111-1111-1111-1111-111111111114'),
    ('44444444-4444-4444-4444-444444444445', 'DIRECT_FRIEND', '11111111-1111-1111-1111-111111111115'),
    ('44444444-4444-4444-4444-444444444446', 'DIRECT_FRIEND', '11111111-1111-1111-1111-111111111116'),
    ('44444444-4444-4444-4444-444444444447', 'THERAPIST_CONSULT', 'aa84aebd-0ec3-38c6-fc8e-8edaf08ba7dc'),
    ('44444444-4444-4444-4444-444444444448', 'THERAPIST_CONSULT', '83c9dae2-a937-6866-ec4f-373a8517173e');

INSERT INTO chat_participants (id, channel_id, profile_id)
VALUES
    ('55555555-5555-5555-5555-555555555501', '44444444-4444-4444-4444-444444444441', 'e1d0add5-b9c8-57b5-36e6-059991832f17'),
    ('55555555-5555-5555-5555-555555555502', '44444444-4444-4444-4444-444444444441', 'c1d01171-4741-e2cd-d98c-711705ab44b8'),

    ('55555555-5555-5555-5555-555555555503', '44444444-4444-4444-4444-444444444442', 'e1d0add5-b9c8-57b5-36e6-059991832f17'),
    ('55555555-5555-5555-5555-555555555504', '44444444-4444-4444-4444-444444444442', 'c02ec115-758c-daab-ecba-5c963670596c'),

    ('55555555-5555-5555-5555-555555555505', '44444444-4444-4444-4444-444444444443', 'e1d0add5-b9c8-57b5-36e6-059991832f17'),
    ('55555555-5555-5555-5555-555555555506', '44444444-4444-4444-4444-444444444443', '928953db-9e83-0adb-8775-34277945d1da'),

    ('55555555-5555-5555-5555-555555555507', '44444444-4444-4444-4444-444444444444', 'e1d0add5-b9c8-57b5-36e6-059991832f17'),
    ('55555555-5555-5555-5555-555555555508', '44444444-4444-4444-4444-444444444444', '06331dc2-89d8-3e6a-0d8c-d6daf809cada'),

    ('55555555-5555-5555-5555-555555555509', '44444444-4444-4444-4444-444444444445', 'e1d0add5-b9c8-57b5-36e6-059991832f17'),
    ('55555555-5555-5555-5555-555555555510', '44444444-4444-4444-4444-444444444445', 'a3a8ff2d-937f-0223-51d0-0afc9f3bb036'),

    ('55555555-5555-5555-5555-555555555511', '44444444-4444-4444-4444-444444444446', 'e1d0add5-b9c8-57b5-36e6-059991832f17'),
    ('55555555-5555-5555-5555-555555555512', '44444444-4444-4444-4444-444444444446', '15b6baab-6281-96be-d908-6690d2e2ccf0'),

    ('55555555-5555-5555-5555-555555555513', '44444444-4444-4444-4444-444444444447', 'e1d0add5-b9c8-57b5-36e6-059991832f17'),
    ('55555555-5555-5555-5555-555555555514', '44444444-4444-4444-4444-444444444447', 'aa84aebd-0ec3-38c6-fc8e-8edaf08ba7dc'),

    ('55555555-5555-5555-5555-555555555515', '44444444-4444-4444-4444-444444444448', 'e1d0add5-b9c8-57b5-36e6-059991832f17'),
    ('55555555-5555-5555-5555-555555555516', '44444444-4444-4444-4444-444444444448', '83c9dae2-a937-6866-ec4f-373a8517173e');

-- Seeded messages per channel include both participants.
INSERT INTO messages (id, channel_id, sender_id, content, is_read)
VALUES
    ('66666666-6666-6666-6666-666666666601', '44444444-4444-4444-4444-444444444441', 'e1d0add5-b9c8-57b5-36e6-059991832f17', 'Hey teen002, this is teen001.', FALSE),
    ('66666666-6666-6666-6666-666666666609', '44444444-4444-4444-4444-444444444441', 'c1d01171-4741-e2cd-d98c-711705ab44b8', 'Hi teen001, teen002 here.', FALSE),

    ('66666666-6666-6666-6666-666666666602', '44444444-4444-4444-4444-444444444442', 'e1d0add5-b9c8-57b5-36e6-059991832f17', 'Hey teen003, this is teen001.', FALSE),
    ('66666666-6666-6666-6666-666666666610', '44444444-4444-4444-4444-444444444442', 'c02ec115-758c-daab-ecba-5c963670596c', 'Got your message, teen001.', FALSE),

    ('66666666-6666-6666-6666-666666666603', '44444444-4444-4444-4444-444444444443', 'e1d0add5-b9c8-57b5-36e6-059991832f17', 'Hey teen004, this is teen001.', FALSE),
    ('66666666-6666-6666-6666-666666666611', '44444444-4444-4444-4444-444444444443', '928953db-9e83-0adb-8775-34277945d1da', 'Hello teen001, teen004 replying.', FALSE),

    ('66666666-6666-6666-6666-666666666604', '44444444-4444-4444-4444-444444444444', 'e1d0add5-b9c8-57b5-36e6-059991832f17', 'Hey teen005, this is teen001.', FALSE),
    ('66666666-6666-6666-6666-666666666612', '44444444-4444-4444-4444-444444444444', '06331dc2-89d8-3e6a-0d8c-d6daf809cada', 'Hi teen001, teen005 here.', FALSE),

    ('66666666-6666-6666-6666-666666666605', '44444444-4444-4444-4444-444444444445', 'e1d0add5-b9c8-57b5-36e6-059991832f17', 'Hey teen006, this is teen001.', FALSE),
    ('66666666-6666-6666-6666-666666666613', '44444444-4444-4444-4444-444444444445', 'a3a8ff2d-937f-0223-51d0-0afc9f3bb036', 'Thanks teen001, teen006 responding.', FALSE),

    ('66666666-6666-6666-6666-666666666606', '44444444-4444-4444-4444-444444444446', 'e1d0add5-b9c8-57b5-36e6-059991832f17', 'Hi parent001, teen001 checking in.', FALSE),
    ('66666666-6666-6666-6666-666666666614', '44444444-4444-4444-4444-444444444446', '15b6baab-6281-96be-d908-6690d2e2ccf0', 'Glad you checked in, teen001.', FALSE),

    ('66666666-6666-6666-6666-666666666607', '44444444-4444-4444-4444-444444444447', 'e1d0add5-b9c8-57b5-36e6-059991832f17', 'Hello therapist001, I want to talk.', FALSE),
    ('66666666-6666-6666-6666-666666666615', '44444444-4444-4444-4444-444444444447', 'aa84aebd-0ec3-38c6-fc8e-8edaf08ba7dc', 'Thanks for reaching out, let us start.', FALSE),

    ('66666666-6666-6666-6666-666666666608', '44444444-4444-4444-4444-444444444448', 'e1d0add5-b9c8-57b5-36e6-059991832f17', 'Hello therapist002, I need support.', FALSE),
    ('66666666-6666-6666-6666-666666666616', '44444444-4444-4444-4444-444444444448', '83c9dae2-a937-6866-ec4f-373a8517173e', 'I am here to support you, teen001.', FALSE);
